,,,
,"pdgio ",,
,Help,,
https://hackmd.io/OwJmEYFMA5gVgLQBMAsBjARglA2NAzBAQyOCITnDWgAY4QBmDBh8IA==?view/,Introduction,,
https://hackmd.io/KYRghgLA7BBMAmBaAbBARgTkdViAcYIw+AzAGYkDGArGJXlFJUA=?view,"Syntax and examples",,
https://hackmd.io/EwEwHCBsCMIOwFoCmcBGBOBAWAhgZhwRwDMckFJhhi9VUcsBjERoA===?view,"Quick notes",,
https://hackmd.io/BwZgxgphAmCsBMBaAnM2JEBYAMBDaiARgIyYbDRgBmmY8Y0wYA7EA===?view/,"For developpers",,
,,,
,,,
,,,
,"Graph folder",expand,d
https://hackmd.io/BwRgZgJiBGBMDsBaeBWeBTRAWUxHQGYA2ABkWFmAE4jgBDYEglOoA===?view,"Game of thrones",,
https://docs.google.com/document/d/1V6JF6AjiR1MuWReezsXIBSx_E4y1eaTGEU0uPhIJcBg/edit,Compose,,"green import"
http://ethercalc.org/pdg-got-characteres,"@ Characteres",,
http://ethercalc.org/pdg-got-places,"@ Places",,
https://ethercalc.org/rk6rm5wf7jmk,"_ Relations",,
http://botapad.padagraph.io/import/igraph.html?s=google&gid=1V6JF6AjiR1MuWReezsXIBSx_E4y1eaTGEU0uPhIJcBg&nofoot=1,visualise,,"red Graph"
